mean_fit_time,std_fit_time,mean_score_time,std_score_time,param_var_smoothing,params,split0_test_score,split1_test_score,split2_test_score,mean_test_score,std_test_score,rank_test_score
0.0017966429392496746,3.228926640546707e-05,0.001565694808959961,6.714295017815002e-05,1e-09,{'var_smoothing': 1e-09},0.8453237410071942,0.7884615384615384,0.7868217054263565,0.8068689949650297,0.0271998515065964,7
0.0017725626627604167,2.686793918019292e-05,0.0015590985616048176,4.379480991464249e-05,1e-08,{'var_smoothing': 1e-08},0.8561151079136691,0.7923076923076923,0.7984496124031008,0.8156241375414873,0.028741025345607376,5
0.0017240842183430989,7.014433252952162e-05,0.0015298525492350261,7.634169686895742e-05,1e-07,{'var_smoothing': 1e-07},0.8597122302158273,0.8,0.7984496124031008,0.819387280872976,0.028521069171787095,2
0.0016438961029052734,1.928392196072692e-05,0.001466194788614909,2.18525798457349e-05,1e-06,{'var_smoothing': 1e-06},0.8561151079136691,0.8,0.7945736434108527,0.8168962504415073,0.027820261471625942,3
0.0016478697458902996,2.918483202078102e-05,0.0014642079671223958,9.042097737290374e-05,1e-05,{'var_smoothing': 1e-05},0.8597122302158273,0.8,0.7906976744186046,0.8168033015448106,0.030577937962702976,4
0.0016168753306070964,5.5653703689612056e-06,0.001483917236328125,2.316548660526261e-05,0.0001,{'var_smoothing': 0.0001},0.8525179856115108,0.8076923076923077,0.813953488372093,0.8247212605586371,0.01982076417337836,1
0.0016756057739257812,2.3522623986092735e-05,0.0014608701070149739,4.6871877231752874e-05,0.001,{'var_smoothing': 0.001},0.8381294964028777,0.8115384615384615,0.7829457364341085,0.8108712314584826,0.022533615452732032,6
0.0016400814056396484,4.1452391498405474e-05,0.0014335314432779949,4.942662432392173e-05,0.01,{'var_smoothing': 0.01},0.8057553956834532,0.8153846153846154,0.7596899224806202,0.793609977849563,0.02430511722782425,8
0.0016388098398844402,9.160432201015986e-06,0.0014519691467285156,2.6978899731204008e-05,0.1,{'var_smoothing': 0.1},0.7697841726618705,0.7730769230769231,0.7093023255813954,0.750721140440063,0.029318358520972213,9
