mean_fit_time,std_fit_time,mean_score_time,std_score_time,param_n_restarts_optimizer,params,split0_test_score,split1_test_score,split2_test_score,mean_test_score,std_test_score,rank_test_score
122.68899202346802,7.398654025400375,0.1977243423461914,0.000807152240681897,2,{'n_restarts_optimizer': 2},0.8705035971223022,0.8807692307692307,0.8255813953488372,0.85895140774679,0.023965448797840638,1
