mean_fit_time,std_fit_time,mean_score_time,std_score_time,param_C,param_gamma,param_max_iter,params,split0_test_score,split1_test_score,split2_test_score,mean_test_score,std_test_score,rank_test_score
0.013320366541544596,0.00022679855480889526,0.005396525065104167,7.02409710590162e-05,10.0,0.1,100,"{'C': 10.0, 'gamma': 0.1, 'max_iter': 100}",0.9064748201438849,0.8538461538461538,0.8604651162790697,0.8735953634230361,0.023405792326056288,1
